<?xml version="1.0" encoding="UTF-8"?>
<feature
      id="org.eclipse.equinox.jmx.client.feature"
      label="JMX Client Feature"
      version="1.0.0.200702281547"
      provider-name="Eclipse.org">

   <description url="http://www.example.com/description">
      Client-side infrastructure for managing OSGi-based systems using JMX
   </description>

   <copyright url="http://www.example.com/copyright">
      [Enter Copyright Description here.]
   </copyright>

   <license url="http://www.example.com/license">
      [Enter License Description here.]
   </license>

   <requires>
      <import feature="org.eclipse.equinox.jmx.common.feature" version="1.0.0.qualifier"/>
   </requires>

   <plugin
         id="org.eclipse.equinox.jmx.client"
         download-size="0"
         install-size="0"
         version="1.0.0.200702281547"
         unpack="false"/>

   <plugin
         id="org.eclipse.equinox.jmx.client.rmi"
         download-size="0"
         install-size="0"
         version="1.0.0"
         unpack="false"/>

   <plugin
         id="org.eclipse.equinox.jmx.client.xmlrpc"
         download-size="0"
         install-size="0"
         version="1.0.0.200702281547"
         unpack="false"/>

</feature>
