<?xml version="1.0" encoding="UTF-8"?>
<feature
      id="org.aspectj.osgi.feature"
      label="%featureName"
      version="1.1.0.200803102211"
      provider-name="%providerName">

   <description>
      %description
   </description>

   <copyright>
      %copyright
   </copyright>

   <license url="%licenseURL">
      %license
   </license>

   <url>
      <update label="%updateLabel" url="http://www.eclipse.org/equinox/incubator/aspects/"/>
   </url>

   <requires>
      <import feature="org.eclipse.ajdt" version="1.4.1"/>
   </requires>

   <plugin
         id="org.aspectj.osgi"
         download-size="0"
         install-size="0"
         version="1.1.0.200803102211"
         fragment="true"
         unpack="false"/>

   <plugin
         id="org.aspectj.osgi.service.weaving"
         download-size="0"
         install-size="0"
         version="1.1.0.200803102211"
         unpack="false"/>

   <plugin
         id="org.aspectj.osgi.service.caching.j9"
         download-size="0"
         install-size="0"
         version="1.0.1.200803102211"
         unpack="false"/>

   <plugin
         id="org.aspectj.osgi.service.caching"
         download-size="0"
         install-size="0"
         version="1.0.0.200803102211"
         unpack="false"/>

</feature>
