<?xml version="1.0" encoding="UTF-8"?>
<feature
      id="org.eclipse.equinox.jmx.server.feature"
      label="JMX Server Feature"
      version="1.0.0.200702281547"
      provider-name="Eclipse.org">

   <description url="http://www.example.com/description">
      Server-side infrastructure for managing OSGi-based systems using JMX
   </description>

   <copyright url="http://www.example.com/copyright">
      [Enter Copyright Description here.]
   </copyright>

   <license url="http://www.example.com/license">
      [Enter License Description here.]
   </license>

   <requires>
      <import feature="org.eclipse.equinox.jmx.common.feature" version="1.0.0.qualifier"/>
   </requires>

   <plugin
         id="org.eclipse.core.resources.jmx"
         download-size="0"
         install-size="0"
         version="1.0.0.200702281547"
         unpack="false"/>

   <plugin
         id="org.eclipse.equinox.jmx.server"
         download-size="0"
         install-size="0"
         version="1.0.0.200702281547"
         unpack="false"/>

   <plugin
         id="org.eclipse.equinox.preferences.jmx"
         download-size="0"
         install-size="0"
         version="1.0.0.200702281547"
         unpack="false"/>

   <plugin
         id="org.eclipse.osgi.jmx"
         download-size="0"
         install-size="0"
         version="1.0.0.200702281547"
         unpack="false"/>

   <plugin
         id="org.eclipse.equinox.jmx.vm"
         download-size="0"
         install-size="0"
         version="1.0.0.200702281547"
         unpack="false"/>

   <plugin
         id="org.eclipse.swt.jmx"
         download-size="0"
         install-size="0"
         version="1.0.0.200702281547"
         unpack="false"/>

   <plugin
         id="org.eclipse.equinox.jmx.server.rmi"
         download-size="0"
         install-size="0"
         version="1.0.0.200702281547"
         unpack="false"/>

   <plugin
         id="org.eclipse.equinox.jmx.server.xmlrpc"
         download-size="0"
         install-size="0"
         version="1.0.0.200702281547"
         unpack="false"/>

   <plugin
         id="org.eclipse.equinox.registry.jmx"
         download-size="0"
         install-size="0"
         version="1.0.0.200702281547"
         unpack="false"/>

   <plugin
         id="org.mortbay.jetty"
         download-size="0"
         install-size="0"
         version="5.1.11.200702281547"
         unpack="false"/>

   <plugin
         id="javax.servlet"
         download-size="0"
         install-size="0"
         version="2.4.0.200702281547"
         unpack="false"/>

</feature>
